--------------------------------------------------------
--  파일이 생성됨 - 일요일-12월-08-2019   
--------------------------------------------------------
--------------------------------------------------------
--  DDL for Sequence BOARD_SEQ
--------------------------------------------------------

   CREATE SEQUENCE  "S1801288"."BOARD_SEQ"  MINVALUE 1 MAXVALUE 9999999999999999999999999999 INCREMENT BY 1 START WITH 1 CACHE 20 NOORDER  NOCYCLE ;
--------------------------------------------------------
--  DDL for Sequence BOOK_SEQ
--------------------------------------------------------

   CREATE SEQUENCE  "S1801288"."BOOK_SEQ"  MINVALUE 1 MAXVALUE 9999999999999999999999999999 INCREMENT BY 1 START WITH 1 CACHE 20 NOORDER  NOCYCLE ;
--------------------------------------------------------
--  DDL for Sequence BRAND_SEQ
--------------------------------------------------------

   CREATE SEQUENCE  "S1801288"."BRAND_SEQ"  MINVALUE 1 MAXVALUE 20000 INCREMENT BY 1 START WITH 21 CACHE 20 NOORDER  NOCYCLE ;
--------------------------------------------------------
--  DDL for Sequence BUY_SEQ
--------------------------------------------------------

   CREATE SEQUENCE  "S1801288"."BUY_SEQ"  MINVALUE 1 MAXVALUE 9999999999999999999999999999 INCREMENT BY 1 START WITH 1 CACHE 20 NOORDER  NOCYCLE ;
--------------------------------------------------------
--  DDL for Sequence CART_SEQ
--------------------------------------------------------

   CREATE SEQUENCE  "S1801288"."CART_SEQ"  MINVALUE 1 MAXVALUE 9999999999999999999999999999 INCREMENT BY 1 START WITH 1 CACHE 20 NOORDER  NOCYCLE ;
--------------------------------------------------------
--  DDL for Sequence CATEGORY_SEQ
--------------------------------------------------------

   CREATE SEQUENCE  "S1801288"."CATEGORY_SEQ"  MINVALUE 1 MAXVALUE 20000 INCREMENT BY 1 START WITH 21 CACHE 20 NOORDER  NOCYCLE ;
--------------------------------------------------------
--  DDL for Sequence COLOR_SEQ
--------------------------------------------------------

   CREATE SEQUENCE  "S1801288"."COLOR_SEQ"  MINVALUE 1 MAXVALUE 20000 INCREMENT BY 1 START WITH 21 CACHE 20 NOORDER  NOCYCLE ;
--------------------------------------------------------
--  DDL for Sequence OPTION_SEQ
--------------------------------------------------------

   CREATE SEQUENCE  "S1801288"."OPTION_SEQ"  MINVALUE 1 MAXVALUE 9999999999999999999999999999 INCREMENT BY 1 START WITH 1 CACHE 20 NOORDER  NOCYCLE ;
--------------------------------------------------------
--  DDL for Sequence PRODUCT_SEQ
--------------------------------------------------------

   CREATE SEQUENCE  "S1801288"."PRODUCT_SEQ"  MINVALUE 1 MAXVALUE 20000 INCREMENT BY 1 START WITH 1 CACHE 20 NOORDER  NOCYCLE ;
--------------------------------------------------------
--  DDL for Sequence QNA_SEQ
--------------------------------------------------------

   CREATE SEQUENCE  "S1801288"."QNA_SEQ"  MINVALUE 1 MAXVALUE 9999999999999999999999999999 INCREMENT BY 1 START WITH 1 CACHE 20 NOORDER  NOCYCLE ;
--------------------------------------------------------
--  DDL for Sequence SIZE_SEQ
--------------------------------------------------------

   CREATE SEQUENCE  "S1801288"."SIZE_SEQ"  MINVALUE 1 MAXVALUE 20000 INCREMENT BY 1 START WITH 21 CACHE 20 NOORDER  NOCYCLE ;
--------------------------------------------------------
--  DDL for Table BRAND
--------------------------------------------------------

  CREATE TABLE "S1801288"."BRAND" 
   (	"BRAND_CODE" NUMBER, 
	"BRAND" VARCHAR2(30 BYTE)
   ) SEGMENT CREATION IMMEDIATE 
  PCTFREE 10 PCTUSED 40 INITRANS 1 MAXTRANS 255 NOCOMPRESS LOGGING
  STORAGE(INITIAL 65536 NEXT 1048576 MINEXTENTS 1 MAXEXTENTS 2147483645
  PCTINCREASE 0 FREELISTS 1 FREELIST GROUPS 1 BUFFER_POOL DEFAULT FLASH_CACHE DEFAULT CELL_FLASH_CACHE DEFAULT)
  TABLESPACE "USERS" ;
--------------------------------------------------------
--  DDL for Table CART
--------------------------------------------------------

  CREATE TABLE "S1801288"."CART" 
   (	"CART_ID" NUMBER, 
	"MB_ID" VARCHAR2(15 BYTE), 
	"CART_DATE" TIMESTAMP (6), 
	"CART_STATUS" NUMBER(1,0), 
	"CART_PRICE" NUMBER
   ) SEGMENT CREATION IMMEDIATE 
  PCTFREE 10 PCTUSED 40 INITRANS 1 MAXTRANS 255 NOCOMPRESS LOGGING
  STORAGE(INITIAL 65536 NEXT 1048576 MINEXTENTS 1 MAXEXTENTS 2147483645
  PCTINCREASE 0 FREELISTS 1 FREELIST GROUPS 1 BUFFER_POOL DEFAULT FLASH_CACHE DEFAULT CELL_FLASH_CACHE DEFAULT)
  TABLESPACE "USERS" ;
--------------------------------------------------------
--  DDL for Table CART_LIST
--------------------------------------------------------

  CREATE TABLE "S1801288"."CART_LIST" 
   (	"CART_LIST_NO" NUMBER, 
	"CART_ID" NUMBER, 
	"OPTION_DETAIL_SEQ" VARCHAR2(100 BYTE), 
	"ORDER_COUNT" NUMBER
   ) SEGMENT CREATION IMMEDIATE 
  PCTFREE 10 PCTUSED 40 INITRANS 1 MAXTRANS 255 NOCOMPRESS LOGGING
  STORAGE(INITIAL 65536 NEXT 1048576 MINEXTENTS 1 MAXEXTENTS 2147483645
  PCTINCREASE 0 FREELISTS 1 FREELIST GROUPS 1 BUFFER_POOL DEFAULT FLASH_CACHE DEFAULT CELL_FLASH_CACHE DEFAULT)
  TABLESPACE "USERS" ;
--------------------------------------------------------
--  DDL for Table CATEGORY
--------------------------------------------------------

  CREATE TABLE "S1801288"."CATEGORY" 
   (	"CATEGORY_CODE" NUMBER, 
	"CATEGORY" VARCHAR2(30 BYTE)
   ) SEGMENT CREATION IMMEDIATE 
  PCTFREE 10 PCTUSED 40 INITRANS 1 MAXTRANS 255 NOCOMPRESS LOGGING
  STORAGE(INITIAL 65536 NEXT 1048576 MINEXTENTS 1 MAXEXTENTS 2147483645
  PCTINCREASE 0 FREELISTS 1 FREELIST GROUPS 1 BUFFER_POOL DEFAULT FLASH_CACHE DEFAULT CELL_FLASH_CACHE DEFAULT)
  TABLESPACE "USERS" ;
--------------------------------------------------------
--  DDL for Table CC_QNA
--------------------------------------------------------

  CREATE TABLE "S1801288"."CC_QNA" 
   (	"QNA_ID" NUMBER, 
	"MB_ID" VARCHAR2(15 BYTE), 
	"MG_ID" VARCHAR2(50 BYTE), 
	"OPTION_DETAIL_SEQ" NUMBER, 
	"QNA_CONTENT" CLOB, 
	"GROUP_ID" NUMBER, 
	"QORA" VARCHAR2(3 BYTE), 
	"REPLY" VARCHAR2(3 BYTE), 
	"REG_DATE" DATE
   ) SEGMENT CREATION IMMEDIATE 
  PCTFREE 10 PCTUSED 40 INITRANS 1 MAXTRANS 255 NOCOMPRESS LOGGING
  STORAGE(INITIAL 65536 NEXT 1048576 MINEXTENTS 1 MAXEXTENTS 2147483645
  PCTINCREASE 0 FREELISTS 1 FREELIST GROUPS 1 BUFFER_POOL DEFAULT FLASH_CACHE DEFAULT CELL_FLASH_CACHE DEFAULT)
  TABLESPACE "USERS" 
 LOB ("QNA_CONTENT") STORE AS BASICFILE (
  TABLESPACE "USERS" ENABLE STORAGE IN ROW CHUNK 8192 RETENTION 
  NOCACHE LOGGING 
  STORAGE(INITIAL 65536 NEXT 1048576 MINEXTENTS 1 MAXEXTENTS 2147483645
  PCTINCREASE 0 FREELISTS 1 FREELIST GROUPS 1 BUFFER_POOL DEFAULT FLASH_CACHE DEFAULT CELL_FLASH_CACHE DEFAULT)) ;
--------------------------------------------------------
--  DDL for Table COLOR_O
--------------------------------------------------------

  CREATE TABLE "S1801288"."COLOR_O" 
   (	"COLOR_CODE" NUMBER, 
	"PRODUCT_COLOR" VARCHAR2(5 BYTE)
   ) SEGMENT CREATION IMMEDIATE 
  PCTFREE 10 PCTUSED 40 INITRANS 1 MAXTRANS 255 NOCOMPRESS LOGGING
  STORAGE(INITIAL 65536 NEXT 1048576 MINEXTENTS 1 MAXEXTENTS 2147483645
  PCTINCREASE 0 FREELISTS 1 FREELIST GROUPS 1 BUFFER_POOL DEFAULT FLASH_CACHE DEFAULT CELL_FLASH_CACHE DEFAULT)
  TABLESPACE "USERS" ;
--------------------------------------------------------
--  DDL for Table IMAGE
--------------------------------------------------------

  CREATE TABLE "S1801288"."IMAGE" 
   (	"IMG1" VARCHAR2(100 BYTE), 
	"IMG2" VARCHAR2(100 BYTE), 
	"IMG3" VARCHAR2(100 BYTE), 
	"IMG4" VARCHAR2(100 BYTE), 
	"IMG5" VARCHAR2(100 BYTE)
   ) SEGMENT CREATION IMMEDIATE 
  PCTFREE 10 PCTUSED 40 INITRANS 1 MAXTRANS 255 NOCOMPRESS LOGGING
  STORAGE(INITIAL 65536 NEXT 1048576 MINEXTENTS 1 MAXEXTENTS 2147483645
  PCTINCREASE 0 FREELISTS 1 FREELIST GROUPS 1 BUFFER_POOL DEFAULT FLASH_CACHE DEFAULT CELL_FLASH_CACHE DEFAULT)
  TABLESPACE "USERS" ;
--------------------------------------------------------
--  DDL for Table MANAGER
--------------------------------------------------------

  CREATE TABLE "S1801288"."MANAGER" 
   (	"MG_ID" VARCHAR2(50 BYTE), 
	"MG_PW" VARCHAR2(64 BYTE)
   ) SEGMENT CREATION IMMEDIATE 
  PCTFREE 10 PCTUSED 40 INITRANS 1 MAXTRANS 255 NOCOMPRESS LOGGING
  STORAGE(INITIAL 65536 NEXT 1048576 MINEXTENTS 1 MAXEXTENTS 2147483645
  PCTINCREASE 0 FREELISTS 1 FREELIST GROUPS 1 BUFFER_POOL DEFAULT FLASH_CACHE DEFAULT CELL_FLASH_CACHE DEFAULT)
  TABLESPACE "USERS" ;
--------------------------------------------------------
--  DDL for Table MEMBER
--------------------------------------------------------

  CREATE TABLE "S1801288"."MEMBER" 
   (	"MB_ID" VARCHAR2(15 BYTE), 
	"MB_PW" VARCHAR2(64 BYTE), 
	"MB_NAME" VARCHAR2(30 BYTE), 
	"MB_BIRTH" DATE, 
	"MB_PH" VARCHAR2(11 BYTE), 
	"MB_ADDR" VARCHAR2(100 BYTE)
   ) SEGMENT CREATION IMMEDIATE 
  PCTFREE 10 PCTUSED 40 INITRANS 1 MAXTRANS 255 NOCOMPRESS LOGGING
  STORAGE(INITIAL 65536 NEXT 1048576 MINEXTENTS 1 MAXEXTENTS 2147483645
  PCTINCREASE 0 FREELISTS 1 FREELIST GROUPS 1 BUFFER_POOL DEFAULT FLASH_CACHE DEFAULT CELL_FLASH_CACHE DEFAULT)
  TABLESPACE "USERS" ;
--------------------------------------------------------
--  DDL for Table OPTION_DETAIL
--------------------------------------------------------

  CREATE TABLE "S1801288"."OPTION_DETAIL" 
   (	"OPTION_DETAIL_SEQ" VARCHAR2(100 BYTE), 
	"PRODUCT_ID" VARCHAR2(100 BYTE), 
	"SIZE_CODE" NUMBER, 
	"PRODUCT_COUNT" NUMBER
   ) SEGMENT CREATION IMMEDIATE 
  PCTFREE 10 PCTUSED 40 INITRANS 1 MAXTRANS 255 NOCOMPRESS LOGGING
  STORAGE(INITIAL 65536 NEXT 1048576 MINEXTENTS 1 MAXEXTENTS 2147483645
  PCTINCREASE 0 FREELISTS 1 FREELIST GROUPS 1 BUFFER_POOL DEFAULT FLASH_CACHE DEFAULT CELL_FLASH_CACHE DEFAULT)
  TABLESPACE "USERS" ;
--------------------------------------------------------
--  DDL for Table PRODUCT
--------------------------------------------------------

  CREATE TABLE "S1801288"."PRODUCT" 
   (	"PRODUCT_ID" VARCHAR2(100 BYTE), 
	"PRODUCT_NAME" VARCHAR2(50 BYTE), 
	"CATEGORY_CODE" NUMBER, 
	"BRAND_CODE" NUMBER, 
	"COLOR_CODE" NUMBER, 
	"IMG1" VARCHAR2(100 BYTE), 
	"PRODUCT_PRICE" NUMBER, 
	"CONTENT" CLOB, 
	"PRODUCT_STATUS" VARCHAR2(20 BYTE), 
	"PRODUCT_DATE" TIMESTAMP (6)
   ) SEGMENT CREATION IMMEDIATE 
  PCTFREE 10 PCTUSED 40 INITRANS 1 MAXTRANS 255 NOCOMPRESS LOGGING
  STORAGE(INITIAL 65536 NEXT 1048576 MINEXTENTS 1 MAXEXTENTS 2147483645
  PCTINCREASE 0 FREELISTS 1 FREELIST GROUPS 1 BUFFER_POOL DEFAULT FLASH_CACHE DEFAULT CELL_FLASH_CACHE DEFAULT)
  TABLESPACE "USERS" 
 LOB ("CONTENT") STORE AS BASICFILE (
  TABLESPACE "USERS" ENABLE STORAGE IN ROW CHUNK 8192 RETENTION 
  NOCACHE LOGGING 
  STORAGE(INITIAL 65536 NEXT 1048576 MINEXTENTS 1 MAXEXTENTS 2147483645
  PCTINCREASE 0 FREELISTS 1 FREELIST GROUPS 1 BUFFER_POOL DEFAULT FLASH_CACHE DEFAULT CELL_FLASH_CACHE DEFAULT)) ;
--------------------------------------------------------
--  DDL for Table SIZE_O
--------------------------------------------------------

  CREATE TABLE "S1801288"."SIZE_O" 
   (	"SIZE_CODE" NUMBER, 
	"PRODUCT_SIZE" VARCHAR2(3 BYTE)
   ) SEGMENT CREATION IMMEDIATE 
  PCTFREE 10 PCTUSED 40 INITRANS 1 MAXTRANS 255 NOCOMPRESS LOGGING
  STORAGE(INITIAL 65536 NEXT 1048576 MINEXTENTS 1 MAXEXTENTS 2147483645
  PCTINCREASE 0 FREELISTS 1 FREELIST GROUPS 1 BUFFER_POOL DEFAULT FLASH_CACHE DEFAULT CELL_FLASH_CACHE DEFAULT)
  TABLESPACE "USERS" ;
REM INSERTING into S1801288.BRAND
SET DEFINE OFF;
Insert into S1801288.BRAND (BRAND_CODE,BRAND) values (1,'나이키');
Insert into S1801288.BRAND (BRAND_CODE,BRAND) values (2,'아디다스');
Insert into S1801288.BRAND (BRAND_CODE,BRAND) values (3,'뉴발란스');
Insert into S1801288.BRAND (BRAND_CODE,BRAND) values (4,'컨버스');
Insert into S1801288.BRAND (BRAND_CODE,BRAND) values (5,'반스');
Insert into S1801288.BRAND (BRAND_CODE,BRAND) values (6,'발렌시아가');
Insert into S1801288.BRAND (BRAND_CODE,BRAND) values (7,'골든구스');
Insert into S1801288.BRAND (BRAND_CODE,BRAND) values (8,'발렌티노');
REM INSERTING into S1801288.CART
SET DEFINE OFF;
REM INSERTING into S1801288.CART_LIST
SET DEFINE OFF;
REM INSERTING into S1801288.CATEGORY
SET DEFINE OFF;
Insert into S1801288.CATEGORY (CATEGORY_CODE,CATEGORY) values (1,'캔버스');
Insert into S1801288.CATEGORY (CATEGORY_CODE,CATEGORY) values (2,'슬립온');
Insert into S1801288.CATEGORY (CATEGORY_CODE,CATEGORY) values (3,'스니커즈');
Insert into S1801288.CATEGORY (CATEGORY_CODE,CATEGORY) values (4,'운동화');
REM INSERTING into S1801288.CC_QNA
SET DEFINE OFF;
REM INSERTING into S1801288.COLOR_O
SET DEFINE OFF;
Insert into S1801288.COLOR_O (COLOR_CODE,PRODUCT_COLOR) values (1,'white');
Insert into S1801288.COLOR_O (COLOR_CODE,PRODUCT_COLOR) values (2,'black');
Insert into S1801288.COLOR_O (COLOR_CODE,PRODUCT_COLOR) values (3,'gray');
Insert into S1801288.COLOR_O (COLOR_CODE,PRODUCT_COLOR) values (4,'beige');
Insert into S1801288.COLOR_O (COLOR_CODE,PRODUCT_COLOR) values (5,'red');
Insert into S1801288.COLOR_O (COLOR_CODE,PRODUCT_COLOR) values (7,'yello');
Insert into S1801288.COLOR_O (COLOR_CODE,PRODUCT_COLOR) values (8,'blue');
Insert into S1801288.COLOR_O (COLOR_CODE,PRODUCT_COLOR) values (9,'green');
Insert into S1801288.COLOR_O (COLOR_CODE,PRODUCT_COLOR) values (6,'pink');
REM INSERTING into S1801288.IMAGE
SET DEFINE OFF;
Insert into S1801288.IMAGE (IMG1,IMG2,IMG3,IMG4,IMG5) values ('adidas_easy_white_r.jpg','adidas_easy_white_c.jpg','adidas_easy_white_b.jpg','adidas_easy_white_b1.jpg','adidas_easy_white_u.jpg');
Insert into S1801288.IMAGE (IMG1,IMG2,IMG3,IMG4,IMG5) values ('nike_zoom2k_black_r.jpg','nike_zoom2k_black_c.jpg','nike_zoom2k_black_b.jpg','nike_zoom2k_black_t.jpg','nike_zoom2k_black_u.jpg');
Insert into S1801288.IMAGE (IMG1,IMG2,IMG3,IMG4,IMG5) values ('nike_zoom2k_yellow_r.jpg','nike_zoom2k_yellow_c.jpg','nike_zoom2k_yellow_b.jpg','nike_zoom2k_yellow_t.jpg','nike_zoom2k_yellow_u.jpg');
Insert into S1801288.IMAGE (IMG1,IMG2,IMG3,IMG4,IMG5) values ('converse_chuck70_black_r.jpg','converse_chuck70_black_c.jpg','converse_chuck70_black_b.jpg','converse_chuck70_black_t.jpg','converse_chuck70_black_u2.jpg');
Insert into S1801288.IMAGE (IMG1,IMG2,IMG3,IMG4,IMG5) values ('nike_zoom2k_gray_r.jpg','nike_zoom2k_gray_c.jpg','nike_zoom2k_gray_b.jpg','nike_zoom2k_gray_t.jpg','nike_zoom2k_gray_u.jpg');
Insert into S1801288.IMAGE (IMG1,IMG2,IMG3,IMG4,IMG5) values ('converse_allstar_red_l1.jpg','converse_allstar_red_c1.jpg','converse_allstar_red_b1.jpg','converse_allstar_red_t1.jpg','converse_chuck70_black_u1.jpg');
Insert into S1801288.IMAGE (IMG1,IMG2,IMG3,IMG4,IMG5) values ('vans_oldskool_black_r.jpg','vans_oldskool_black_c.jpg','vans_oldskool_black_b.jpg','vans_oldskool_black_t.jpg','vans_oldskool_black_u.jpg');
Insert into S1801288.IMAGE (IMG1,IMG2,IMG3,IMG4,IMG5) values ('converse_allstar_blue_r.jpg','converse_allstar_blue_c.jpg','converse_allstar_blue_b.jpg','converse_allstar_blue_t.jpg','converse_allstar_blue_u.jpg');
Insert into S1801288.IMAGE (IMG1,IMG2,IMG3,IMG4,IMG5) values ('converse_chuck70_green_l.jpg','converse_chuck70_green_c.jpg','converse_chuck70_green_b.jpg','converse_chuck70_green_t.jpg','converse_chuck70_green_u.jpg');
REM INSERTING into S1801288.MANAGER
SET DEFINE OFF;
Insert into S1801288.MANAGER (MG_ID,MG_PW) values ('ccproject','8d969eef6ecad3c29a3a629280e686cf0c3f5d5a86aff3ca12020c923adc6c92');
REM INSERTING into S1801288.MEMBER
SET DEFINE OFF;
Insert into S1801288.MEMBER (MB_ID,MB_PW,MB_NAME,MB_BIRTH,MB_PH,MB_ADDR) values ('cjy4044','03ac674216f3e15c761ee1a5e255f067953623c8b388b4459e13f978d7c846f4','차재영',to_date('96/10/19','RR/MM/DD'),'01040449984','대구시남구대명4동3048-13');
Insert into S1801288.MEMBER (MB_ID,MB_PW,MB_NAME,MB_BIRTH,MB_PH,MB_ADDR) values ('a','03ac674216f3e15c761ee1a5e255f067953623c8b388b4459e13f978d7c846f4','a',to_date('19/12/07','RR/MM/DD'),'01055555555','sss');
REM INSERTING into S1801288.OPTION_DETAIL
SET DEFINE OFF;
Insert into S1801288.OPTION_DETAIL (OPTION_DETAIL_SEQ,PRODUCT_ID,SIZE_CODE,PRODUCT_COUNT) values ('411zoom23','411zoom2',3,100);
Insert into S1801288.OPTION_DETAIL (OPTION_DETAIL_SEQ,PRODUCT_ID,SIZE_CODE,PRODUCT_COUNT) values ('411zoom24','411zoom2',4,100);
Insert into S1801288.OPTION_DETAIL (OPTION_DETAIL_SEQ,PRODUCT_ID,SIZE_CODE,PRODUCT_COUNT) values ('411zoom25','411zoom2',5,100);
Insert into S1801288.OPTION_DETAIL (OPTION_DETAIL_SEQ,PRODUCT_ID,SIZE_CODE,PRODUCT_COUNT) values ('411zoom26','411zoom2',6,100);
Insert into S1801288.OPTION_DETAIL (OPTION_DETAIL_SEQ,PRODUCT_ID,SIZE_CODE,PRODUCT_COUNT) values ('411zoom27','411zoom2',7,100);
Insert into S1801288.OPTION_DETAIL (OPTION_DETAIL_SEQ,PRODUCT_ID,SIZE_CODE,PRODUCT_COUNT) values ('411zoom28','411zoom2',8,100);
Insert into S1801288.OPTION_DETAIL (OPTION_DETAIL_SEQ,PRODUCT_ID,SIZE_CODE,PRODUCT_COUNT) values ('411zoom29','411zoom2',9,100);
Insert into S1801288.OPTION_DETAIL (OPTION_DETAIL_SEQ,PRODUCT_ID,SIZE_CODE,PRODUCT_COUNT) values ('411zoom210','411zoom2',10,100);
Insert into S1801288.OPTION_DETAIL (OPTION_DETAIL_SEQ,PRODUCT_ID,SIZE_CODE,PRODUCT_COUNT) values ('411zoom211','411zoom2',11,100);
Insert into S1801288.OPTION_DETAIL (OPTION_DETAIL_SEQ,PRODUCT_ID,SIZE_CODE,PRODUCT_COUNT) values ('411zoom212','411zoom2',12,100);
Insert into S1801288.OPTION_DETAIL (OPTION_DETAIL_SEQ,PRODUCT_ID,SIZE_CODE,PRODUCT_COUNT) values ('411zoom213','411zoom2',13,100);
Insert into S1801288.OPTION_DETAIL (OPTION_DETAIL_SEQ,PRODUCT_ID,SIZE_CODE,PRODUCT_COUNT) values ('411zoom214','411zoom2',14,100);
Insert into S1801288.OPTION_DETAIL (OPTION_DETAIL_SEQ,PRODUCT_ID,SIZE_CODE,PRODUCT_COUNT) values ('411zoom215','411zoom2',15,100);
Insert into S1801288.OPTION_DETAIL (OPTION_DETAIL_SEQ,PRODUCT_ID,SIZE_CODE,PRODUCT_COUNT) values ('411zoom21','411zoom2',1,100);
Insert into S1801288.OPTION_DETAIL (OPTION_DETAIL_SEQ,PRODUCT_ID,SIZE_CODE,PRODUCT_COUNT) values ('411zoom22','411zoom2',2,100);
Insert into S1801288.OPTION_DETAIL (OPTION_DETAIL_SEQ,PRODUCT_ID,SIZE_CODE,PRODUCT_COUNT) values ('417zoom21','417zoom2',1,100);
Insert into S1801288.OPTION_DETAIL (OPTION_DETAIL_SEQ,PRODUCT_ID,SIZE_CODE,PRODUCT_COUNT) values ('417zoom22','417zoom2',2,100);
Insert into S1801288.OPTION_DETAIL (OPTION_DETAIL_SEQ,PRODUCT_ID,SIZE_CODE,PRODUCT_COUNT) values ('417zoom23','417zoom2',3,100);
Insert into S1801288.OPTION_DETAIL (OPTION_DETAIL_SEQ,PRODUCT_ID,SIZE_CODE,PRODUCT_COUNT) values ('417zoom24','417zoom2',4,100);
Insert into S1801288.OPTION_DETAIL (OPTION_DETAIL_SEQ,PRODUCT_ID,SIZE_CODE,PRODUCT_COUNT) values ('417zoom25','417zoom2',5,100);
Insert into S1801288.OPTION_DETAIL (OPTION_DETAIL_SEQ,PRODUCT_ID,SIZE_CODE,PRODUCT_COUNT) values ('417zoom26','417zoom2',6,100);
Insert into S1801288.OPTION_DETAIL (OPTION_DETAIL_SEQ,PRODUCT_ID,SIZE_CODE,PRODUCT_COUNT) values ('417zoom27','417zoom2',7,100);
Insert into S1801288.OPTION_DETAIL (OPTION_DETAIL_SEQ,PRODUCT_ID,SIZE_CODE,PRODUCT_COUNT) values ('417zoom28','417zoom2',8,100);
Insert into S1801288.OPTION_DETAIL (OPTION_DETAIL_SEQ,PRODUCT_ID,SIZE_CODE,PRODUCT_COUNT) values ('417zoom29','417zoom2',9,100);
Insert into S1801288.OPTION_DETAIL (OPTION_DETAIL_SEQ,PRODUCT_ID,SIZE_CODE,PRODUCT_COUNT) values ('417zoom210','417zoom2',10,100);
Insert into S1801288.OPTION_DETAIL (OPTION_DETAIL_SEQ,PRODUCT_ID,SIZE_CODE,PRODUCT_COUNT) values ('417zoom211','417zoom2',11,100);
Insert into S1801288.OPTION_DETAIL (OPTION_DETAIL_SEQ,PRODUCT_ID,SIZE_CODE,PRODUCT_COUNT) values ('417zoom212','417zoom2',12,100);
Insert into S1801288.OPTION_DETAIL (OPTION_DETAIL_SEQ,PRODUCT_ID,SIZE_CODE,PRODUCT_COUNT) values ('417zoom213','417zoom2',13,100);
Insert into S1801288.OPTION_DETAIL (OPTION_DETAIL_SEQ,PRODUCT_ID,SIZE_CODE,PRODUCT_COUNT) values ('417zoom214','417zoom2',14,100);
Insert into S1801288.OPTION_DETAIL (OPTION_DETAIL_SEQ,PRODUCT_ID,SIZE_CODE,PRODUCT_COUNT) values ('417zoom215','417zoom2',15,100);
Insert into S1801288.OPTION_DETAIL (OPTION_DETAIL_SEQ,PRODUCT_ID,SIZE_CODE,PRODUCT_COUNT) values ('421easy1','421easy',1,25);
Insert into S1801288.OPTION_DETAIL (OPTION_DETAIL_SEQ,PRODUCT_ID,SIZE_CODE,PRODUCT_COUNT) values ('421easy2','421easy',2,25);
Insert into S1801288.OPTION_DETAIL (OPTION_DETAIL_SEQ,PRODUCT_ID,SIZE_CODE,PRODUCT_COUNT) values ('421easy3','421easy',3,25);
Insert into S1801288.OPTION_DETAIL (OPTION_DETAIL_SEQ,PRODUCT_ID,SIZE_CODE,PRODUCT_COUNT) values ('421easy4','421easy',4,25);
Insert into S1801288.OPTION_DETAIL (OPTION_DETAIL_SEQ,PRODUCT_ID,SIZE_CODE,PRODUCT_COUNT) values ('421easy5','421easy',5,25);
Insert into S1801288.OPTION_DETAIL (OPTION_DETAIL_SEQ,PRODUCT_ID,SIZE_CODE,PRODUCT_COUNT) values ('421easy6','421easy',6,25);
Insert into S1801288.OPTION_DETAIL (OPTION_DETAIL_SEQ,PRODUCT_ID,SIZE_CODE,PRODUCT_COUNT) values ('421easy7','421easy',7,25);
Insert into S1801288.OPTION_DETAIL (OPTION_DETAIL_SEQ,PRODUCT_ID,SIZE_CODE,PRODUCT_COUNT) values ('421easy8','421easy',8,25);
Insert into S1801288.OPTION_DETAIL (OPTION_DETAIL_SEQ,PRODUCT_ID,SIZE_CODE,PRODUCT_COUNT) values ('421easy9','421easy',9,25);
Insert into S1801288.OPTION_DETAIL (OPTION_DETAIL_SEQ,PRODUCT_ID,SIZE_CODE,PRODUCT_COUNT) values ('421easy10','421easy',10,25);
Insert into S1801288.OPTION_DETAIL (OPTION_DETAIL_SEQ,PRODUCT_ID,SIZE_CODE,PRODUCT_COUNT) values ('421easy11','421easy',11,25);
Insert into S1801288.OPTION_DETAIL (OPTION_DETAIL_SEQ,PRODUCT_ID,SIZE_CODE,PRODUCT_COUNT) values ('421easy12','421easy',12,25);
Insert into S1801288.OPTION_DETAIL (OPTION_DETAIL_SEQ,PRODUCT_ID,SIZE_CODE,PRODUCT_COUNT) values ('421easy13','421easy',13,25);
Insert into S1801288.OPTION_DETAIL (OPTION_DETAIL_SEQ,PRODUCT_ID,SIZE_CODE,PRODUCT_COUNT) values ('421easy14','421easy',14,25);
Insert into S1801288.OPTION_DETAIL (OPTION_DETAIL_SEQ,PRODUCT_ID,SIZE_CODE,PRODUCT_COUNT) values ('421easy15','421easy',15,25);
Insert into S1801288.OPTION_DETAIL (OPTION_DETAIL_SEQ,PRODUCT_ID,SIZE_CODE,PRODUCT_COUNT) values ('142chuck703','142chuck70',3,25);
Insert into S1801288.OPTION_DETAIL (OPTION_DETAIL_SEQ,PRODUCT_ID,SIZE_CODE,PRODUCT_COUNT) values ('142chuck704','142chuck70',4,25);
Insert into S1801288.OPTION_DETAIL (OPTION_DETAIL_SEQ,PRODUCT_ID,SIZE_CODE,PRODUCT_COUNT) values ('142chuck705','142chuck70',5,25);
Insert into S1801288.OPTION_DETAIL (OPTION_DETAIL_SEQ,PRODUCT_ID,SIZE_CODE,PRODUCT_COUNT) values ('142chuck706','142chuck70',6,25);
Insert into S1801288.OPTION_DETAIL (OPTION_DETAIL_SEQ,PRODUCT_ID,SIZE_CODE,PRODUCT_COUNT) values ('142chuck707','142chuck70',7,25);
Insert into S1801288.OPTION_DETAIL (OPTION_DETAIL_SEQ,PRODUCT_ID,SIZE_CODE,PRODUCT_COUNT) values ('142chuck708','142chuck70',8,25);
Insert into S1801288.OPTION_DETAIL (OPTION_DETAIL_SEQ,PRODUCT_ID,SIZE_CODE,PRODUCT_COUNT) values ('142chuck709','142chuck70',9,25);
Insert into S1801288.OPTION_DETAIL (OPTION_DETAIL_SEQ,PRODUCT_ID,SIZE_CODE,PRODUCT_COUNT) values ('142chuck7010','142chuck70',10,25);
Insert into S1801288.OPTION_DETAIL (OPTION_DETAIL_SEQ,PRODUCT_ID,SIZE_CODE,PRODUCT_COUNT) values ('142chuck7011','142chuck70',11,25);
Insert into S1801288.OPTION_DETAIL (OPTION_DETAIL_SEQ,PRODUCT_ID,SIZE_CODE,PRODUCT_COUNT) values ('142chuck7012','142chuck70',12,25);
Insert into S1801288.OPTION_DETAIL (OPTION_DETAIL_SEQ,PRODUCT_ID,SIZE_CODE,PRODUCT_COUNT) values ('142chuck7013','142chuck70',13,25);
Insert into S1801288.OPTION_DETAIL (OPTION_DETAIL_SEQ,PRODUCT_ID,SIZE_CODE,PRODUCT_COUNT) values ('142chuck7014','142chuck70',14,25);
Insert into S1801288.OPTION_DETAIL (OPTION_DETAIL_SEQ,PRODUCT_ID,SIZE_CODE,PRODUCT_COUNT) values ('142chuck7015','142chuck70',15,25);
Insert into S1801288.OPTION_DETAIL (OPTION_DETAIL_SEQ,PRODUCT_ID,SIZE_CODE,PRODUCT_COUNT) values ('142chuck701','142chuck70',1,25);
Insert into S1801288.OPTION_DETAIL (OPTION_DETAIL_SEQ,PRODUCT_ID,SIZE_CODE,PRODUCT_COUNT) values ('142chuck702','142chuck70',2,25);
Insert into S1801288.OPTION_DETAIL (OPTION_DETAIL_SEQ,PRODUCT_ID,SIZE_CODE,PRODUCT_COUNT) values ('413zoom22','413zoom2',2,100);
Insert into S1801288.OPTION_DETAIL (OPTION_DETAIL_SEQ,PRODUCT_ID,SIZE_CODE,PRODUCT_COUNT) values ('413zoom23','413zoom2',3,100);
Insert into S1801288.OPTION_DETAIL (OPTION_DETAIL_SEQ,PRODUCT_ID,SIZE_CODE,PRODUCT_COUNT) values ('413zoom24','413zoom2',4,100);
Insert into S1801288.OPTION_DETAIL (OPTION_DETAIL_SEQ,PRODUCT_ID,SIZE_CODE,PRODUCT_COUNT) values ('413zoom25','413zoom2',5,100);
Insert into S1801288.OPTION_DETAIL (OPTION_DETAIL_SEQ,PRODUCT_ID,SIZE_CODE,PRODUCT_COUNT) values ('413zoom26','413zoom2',6,100);
Insert into S1801288.OPTION_DETAIL (OPTION_DETAIL_SEQ,PRODUCT_ID,SIZE_CODE,PRODUCT_COUNT) values ('413zoom27','413zoom2',7,100);
Insert into S1801288.OPTION_DETAIL (OPTION_DETAIL_SEQ,PRODUCT_ID,SIZE_CODE,PRODUCT_COUNT) values ('413zoom28','413zoom2',8,100);
Insert into S1801288.OPTION_DETAIL (OPTION_DETAIL_SEQ,PRODUCT_ID,SIZE_CODE,PRODUCT_COUNT) values ('413zoom29','413zoom2',9,100);
Insert into S1801288.OPTION_DETAIL (OPTION_DETAIL_SEQ,PRODUCT_ID,SIZE_CODE,PRODUCT_COUNT) values ('413zoom210','413zoom2',10,100);
Insert into S1801288.OPTION_DETAIL (OPTION_DETAIL_SEQ,PRODUCT_ID,SIZE_CODE,PRODUCT_COUNT) values ('413zoom211','413zoom2',11,100);
Insert into S1801288.OPTION_DETAIL (OPTION_DETAIL_SEQ,PRODUCT_ID,SIZE_CODE,PRODUCT_COUNT) values ('413zoom212','413zoom2',12,100);
Insert into S1801288.OPTION_DETAIL (OPTION_DETAIL_SEQ,PRODUCT_ID,SIZE_CODE,PRODUCT_COUNT) values ('413zoom213','413zoom2',13,100);
Insert into S1801288.OPTION_DETAIL (OPTION_DETAIL_SEQ,PRODUCT_ID,SIZE_CODE,PRODUCT_COUNT) values ('413zoom214','413zoom2',14,100);
Insert into S1801288.OPTION_DETAIL (OPTION_DETAIL_SEQ,PRODUCT_ID,SIZE_CODE,PRODUCT_COUNT) values ('413zoom215','413zoom2',15,100);
Insert into S1801288.OPTION_DETAIL (OPTION_DETAIL_SEQ,PRODUCT_ID,SIZE_CODE,PRODUCT_COUNT) values ('413zoom21','413zoom2',1,100);
Insert into S1801288.OPTION_DETAIL (OPTION_DETAIL_SEQ,PRODUCT_ID,SIZE_CODE,PRODUCT_COUNT) values ('152oldskool1','152oldskool',1,100);
Insert into S1801288.OPTION_DETAIL (OPTION_DETAIL_SEQ,PRODUCT_ID,SIZE_CODE,PRODUCT_COUNT) values ('152oldskool2','152oldskool',2,100);
Insert into S1801288.OPTION_DETAIL (OPTION_DETAIL_SEQ,PRODUCT_ID,SIZE_CODE,PRODUCT_COUNT) values ('152oldskool3','152oldskool',3,100);
Insert into S1801288.OPTION_DETAIL (OPTION_DETAIL_SEQ,PRODUCT_ID,SIZE_CODE,PRODUCT_COUNT) values ('152oldskool4','152oldskool',4,100);
Insert into S1801288.OPTION_DETAIL (OPTION_DETAIL_SEQ,PRODUCT_ID,SIZE_CODE,PRODUCT_COUNT) values ('152oldskool5','152oldskool',5,100);
Insert into S1801288.OPTION_DETAIL (OPTION_DETAIL_SEQ,PRODUCT_ID,SIZE_CODE,PRODUCT_COUNT) values ('152oldskool6','152oldskool',6,100);
Insert into S1801288.OPTION_DETAIL (OPTION_DETAIL_SEQ,PRODUCT_ID,SIZE_CODE,PRODUCT_COUNT) values ('152oldskool7','152oldskool',7,100);
Insert into S1801288.OPTION_DETAIL (OPTION_DETAIL_SEQ,PRODUCT_ID,SIZE_CODE,PRODUCT_COUNT) values ('152oldskool8','152oldskool',8,100);
Insert into S1801288.OPTION_DETAIL (OPTION_DETAIL_SEQ,PRODUCT_ID,SIZE_CODE,PRODUCT_COUNT) values ('152oldskool9','152oldskool',9,100);
Insert into S1801288.OPTION_DETAIL (OPTION_DETAIL_SEQ,PRODUCT_ID,SIZE_CODE,PRODUCT_COUNT) values ('152oldskool10','152oldskool',10,100);
Insert into S1801288.OPTION_DETAIL (OPTION_DETAIL_SEQ,PRODUCT_ID,SIZE_CODE,PRODUCT_COUNT) values ('152oldskool11','152oldskool',11,100);
Insert into S1801288.OPTION_DETAIL (OPTION_DETAIL_SEQ,PRODUCT_ID,SIZE_CODE,PRODUCT_COUNT) values ('152oldskool12','152oldskool',12,100);
Insert into S1801288.OPTION_DETAIL (OPTION_DETAIL_SEQ,PRODUCT_ID,SIZE_CODE,PRODUCT_COUNT) values ('152oldskool13','152oldskool',13,100);
Insert into S1801288.OPTION_DETAIL (OPTION_DETAIL_SEQ,PRODUCT_ID,SIZE_CODE,PRODUCT_COUNT) values ('152oldskool14','152oldskool',14,100);
Insert into S1801288.OPTION_DETAIL (OPTION_DETAIL_SEQ,PRODUCT_ID,SIZE_CODE,PRODUCT_COUNT) values ('152oldskool15','152oldskool',15,100);
Insert into S1801288.OPTION_DETAIL (OPTION_DETAIL_SEQ,PRODUCT_ID,SIZE_CODE,PRODUCT_COUNT) values ('148allstar3','148allstar',3,50);
Insert into S1801288.OPTION_DETAIL (OPTION_DETAIL_SEQ,PRODUCT_ID,SIZE_CODE,PRODUCT_COUNT) values ('148allstar4','148allstar',4,50);
Insert into S1801288.OPTION_DETAIL (OPTION_DETAIL_SEQ,PRODUCT_ID,SIZE_CODE,PRODUCT_COUNT) values ('148allstar5','148allstar',5,50);
Insert into S1801288.OPTION_DETAIL (OPTION_DETAIL_SEQ,PRODUCT_ID,SIZE_CODE,PRODUCT_COUNT) values ('148allstar6','148allstar',6,50);
Insert into S1801288.OPTION_DETAIL (OPTION_DETAIL_SEQ,PRODUCT_ID,SIZE_CODE,PRODUCT_COUNT) values ('148allstar7','148allstar',7,50);
Insert into S1801288.OPTION_DETAIL (OPTION_DETAIL_SEQ,PRODUCT_ID,SIZE_CODE,PRODUCT_COUNT) values ('148allstar8','148allstar',8,50);
Insert into S1801288.OPTION_DETAIL (OPTION_DETAIL_SEQ,PRODUCT_ID,SIZE_CODE,PRODUCT_COUNT) values ('148allstar9','148allstar',9,50);
Insert into S1801288.OPTION_DETAIL (OPTION_DETAIL_SEQ,PRODUCT_ID,SIZE_CODE,PRODUCT_COUNT) values ('148allstar10','148allstar',10,50);
Insert into S1801288.OPTION_DETAIL (OPTION_DETAIL_SEQ,PRODUCT_ID,SIZE_CODE,PRODUCT_COUNT) values ('148allstar11','148allstar',11,50);
Insert into S1801288.OPTION_DETAIL (OPTION_DETAIL_SEQ,PRODUCT_ID,SIZE_CODE,PRODUCT_COUNT) values ('148allstar12','148allstar',12,50);
Insert into S1801288.OPTION_DETAIL (OPTION_DETAIL_SEQ,PRODUCT_ID,SIZE_CODE,PRODUCT_COUNT) values ('148allstar13','148allstar',13,50);
Insert into S1801288.OPTION_DETAIL (OPTION_DETAIL_SEQ,PRODUCT_ID,SIZE_CODE,PRODUCT_COUNT) values ('148allstar14','148allstar',14,50);
Insert into S1801288.OPTION_DETAIL (OPTION_DETAIL_SEQ,PRODUCT_ID,SIZE_CODE,PRODUCT_COUNT) values ('148allstar15','148allstar',15,50);
Insert into S1801288.OPTION_DETAIL (OPTION_DETAIL_SEQ,PRODUCT_ID,SIZE_CODE,PRODUCT_COUNT) values ('148allstar1','148allstar',1,50);
Insert into S1801288.OPTION_DETAIL (OPTION_DETAIL_SEQ,PRODUCT_ID,SIZE_CODE,PRODUCT_COUNT) values ('148allstar2','148allstar',2,50);
Insert into S1801288.OPTION_DETAIL (OPTION_DETAIL_SEQ,PRODUCT_ID,SIZE_CODE,PRODUCT_COUNT) values ('149chuck701','149chuck70',1,30);
Insert into S1801288.OPTION_DETAIL (OPTION_DETAIL_SEQ,PRODUCT_ID,SIZE_CODE,PRODUCT_COUNT) values ('149chuck702','149chuck70',2,30);
Insert into S1801288.OPTION_DETAIL (OPTION_DETAIL_SEQ,PRODUCT_ID,SIZE_CODE,PRODUCT_COUNT) values ('149chuck703','149chuck70',3,30);
Insert into S1801288.OPTION_DETAIL (OPTION_DETAIL_SEQ,PRODUCT_ID,SIZE_CODE,PRODUCT_COUNT) values ('149chuck704','149chuck70',4,30);
Insert into S1801288.OPTION_DETAIL (OPTION_DETAIL_SEQ,PRODUCT_ID,SIZE_CODE,PRODUCT_COUNT) values ('149chuck705','149chuck70',5,30);
Insert into S1801288.OPTION_DETAIL (OPTION_DETAIL_SEQ,PRODUCT_ID,SIZE_CODE,PRODUCT_COUNT) values ('149chuck706','149chuck70',6,30);
Insert into S1801288.OPTION_DETAIL (OPTION_DETAIL_SEQ,PRODUCT_ID,SIZE_CODE,PRODUCT_COUNT) values ('149chuck707','149chuck70',7,30);
Insert into S1801288.OPTION_DETAIL (OPTION_DETAIL_SEQ,PRODUCT_ID,SIZE_CODE,PRODUCT_COUNT) values ('149chuck708','149chuck70',8,30);
Insert into S1801288.OPTION_DETAIL (OPTION_DETAIL_SEQ,PRODUCT_ID,SIZE_CODE,PRODUCT_COUNT) values ('149chuck709','149chuck70',9,30);
Insert into S1801288.OPTION_DETAIL (OPTION_DETAIL_SEQ,PRODUCT_ID,SIZE_CODE,PRODUCT_COUNT) values ('149chuck7010','149chuck70',10,30);
Insert into S1801288.OPTION_DETAIL (OPTION_DETAIL_SEQ,PRODUCT_ID,SIZE_CODE,PRODUCT_COUNT) values ('149chuck7011','149chuck70',11,30);
Insert into S1801288.OPTION_DETAIL (OPTION_DETAIL_SEQ,PRODUCT_ID,SIZE_CODE,PRODUCT_COUNT) values ('149chuck7012','149chuck70',12,30);
Insert into S1801288.OPTION_DETAIL (OPTION_DETAIL_SEQ,PRODUCT_ID,SIZE_CODE,PRODUCT_COUNT) values ('149chuck7013','149chuck70',13,30);
Insert into S1801288.OPTION_DETAIL (OPTION_DETAIL_SEQ,PRODUCT_ID,SIZE_CODE,PRODUCT_COUNT) values ('149chuck7014','149chuck70',14,30);
Insert into S1801288.OPTION_DETAIL (OPTION_DETAIL_SEQ,PRODUCT_ID,SIZE_CODE,PRODUCT_COUNT) values ('149chuck7015','149chuck70',15,30);
REM INSERTING into S1801288.PRODUCT
SET DEFINE OFF;
Insert into S1801288.PRODUCT (PRODUCT_ID,PRODUCT_NAME,CATEGORY_CODE,BRAND_CODE,COLOR_CODE,IMG1,PRODUCT_PRICE,PRODUCT_STATUS,PRODUCT_DATE) values ('411zoom2','zoom2',4,1,1,'nike_zoom2k_black_r.jpg',99000,null,null);
Insert into S1801288.PRODUCT (PRODUCT_ID,PRODUCT_NAME,CATEGORY_CODE,BRAND_CODE,COLOR_CODE,IMG1,PRODUCT_PRICE,PRODUCT_STATUS,PRODUCT_DATE) values ('417zoom2','zoom2',4,1,7,'nike_zoom2k_yellow_r.jpg',99000,null,null);
Insert into S1801288.PRODUCT (PRODUCT_ID,PRODUCT_NAME,CATEGORY_CODE,BRAND_CODE,COLOR_CODE,IMG1,PRODUCT_PRICE,PRODUCT_STATUS,PRODUCT_DATE) values ('421easy','easy',4,2,1,'adidas_easy_white_r.jpg',250000,null,null);
Insert into S1801288.PRODUCT (PRODUCT_ID,PRODUCT_NAME,CATEGORY_CODE,BRAND_CODE,COLOR_CODE,IMG1,PRODUCT_PRICE,PRODUCT_STATUS,PRODUCT_DATE) values ('142chuck70','chuck70',1,4,2,'converse_chuck70_black_r.jpg',150000,null,null);
Insert into S1801288.PRODUCT (PRODUCT_ID,PRODUCT_NAME,CATEGORY_CODE,BRAND_CODE,COLOR_CODE,IMG1,PRODUCT_PRICE,PRODUCT_STATUS,PRODUCT_DATE) values ('413zoom2','zoom2',4,1,3,'nike_zoom2k_gray_r.jpg',99000,null,null);
Insert into S1801288.PRODUCT (PRODUCT_ID,PRODUCT_NAME,CATEGORY_CODE,BRAND_CODE,COLOR_CODE,IMG1,PRODUCT_PRICE,PRODUCT_STATUS,PRODUCT_DATE) values ('152oldskool','oldskool',1,5,2,'vans_oldskool_black_r.jpg',69000,null,to_timestamp('19/12/13 18:30:00.000000000','RR/MM/DD HH24:MI:SSXFF'));
Insert into S1801288.PRODUCT (PRODUCT_ID,PRODUCT_NAME,CATEGORY_CODE,BRAND_CODE,COLOR_CODE,IMG1,PRODUCT_PRICE,PRODUCT_STATUS,PRODUCT_DATE) values ('148allstar','allstar',1,4,8,'converse_allstar_blue_r.jpg',120000,null,null);
Insert into S1801288.PRODUCT (PRODUCT_ID,PRODUCT_NAME,CATEGORY_CODE,BRAND_CODE,COLOR_CODE,IMG1,PRODUCT_PRICE,PRODUCT_STATUS,PRODUCT_DATE) values ('149chuck70','chuck70',1,4,9,'converse_chuck70_green_l.jpg',125000,null,null);
REM INSERTING into S1801288.SIZE_O
SET DEFINE OFF;
Insert into S1801288.SIZE_O (SIZE_CODE,PRODUCT_SIZE) values (1,'220');
Insert into S1801288.SIZE_O (SIZE_CODE,PRODUCT_SIZE) values (2,'225');
Insert into S1801288.SIZE_O (SIZE_CODE,PRODUCT_SIZE) values (3,'230');
Insert into S1801288.SIZE_O (SIZE_CODE,PRODUCT_SIZE) values (4,'235');
Insert into S1801288.SIZE_O (SIZE_CODE,PRODUCT_SIZE) values (5,'240');
Insert into S1801288.SIZE_O (SIZE_CODE,PRODUCT_SIZE) values (6,'245');
Insert into S1801288.SIZE_O (SIZE_CODE,PRODUCT_SIZE) values (7,'250');
Insert into S1801288.SIZE_O (SIZE_CODE,PRODUCT_SIZE) values (8,'255');
Insert into S1801288.SIZE_O (SIZE_CODE,PRODUCT_SIZE) values (9,'260');
Insert into S1801288.SIZE_O (SIZE_CODE,PRODUCT_SIZE) values (10,'265');
Insert into S1801288.SIZE_O (SIZE_CODE,PRODUCT_SIZE) values (11,'270');
Insert into S1801288.SIZE_O (SIZE_CODE,PRODUCT_SIZE) values (12,'275');
Insert into S1801288.SIZE_O (SIZE_CODE,PRODUCT_SIZE) values (13,'280');
Insert into S1801288.SIZE_O (SIZE_CODE,PRODUCT_SIZE) values (14,'285');
Insert into S1801288.SIZE_O (SIZE_CODE,PRODUCT_SIZE) values (15,'290');
--------------------------------------------------------
--  Constraints for Table IMAGE
--------------------------------------------------------

  ALTER TABLE "S1801288"."IMAGE" MODIFY ("IMG1" NOT NULL ENABLE);
 
  ALTER TABLE "S1801288"."IMAGE" ADD PRIMARY KEY ("IMG1")
  USING INDEX PCTFREE 10 INITRANS 2 MAXTRANS 255 COMPUTE STATISTICS 
  STORAGE(INITIAL 65536 NEXT 1048576 MINEXTENTS 1 MAXEXTENTS 2147483645
  PCTINCREASE 0 FREELISTS 1 FREELIST GROUPS 1 BUFFER_POOL DEFAULT FLASH_CACHE DEFAULT CELL_FLASH_CACHE DEFAULT)
  TABLESPACE "USERS"  ENABLE;
--------------------------------------------------------
--  Constraints for Table MEMBER
--------------------------------------------------------

  ALTER TABLE "S1801288"."MEMBER" MODIFY ("MB_ID" NOT NULL ENABLE);
 
  ALTER TABLE "S1801288"."MEMBER" MODIFY ("MB_PW" NOT NULL ENABLE);
 
  ALTER TABLE "S1801288"."MEMBER" MODIFY ("MB_NAME" NOT NULL ENABLE);
 
  ALTER TABLE "S1801288"."MEMBER" MODIFY ("MB_BIRTH" NOT NULL ENABLE);
 
  ALTER TABLE "S1801288"."MEMBER" MODIFY ("MB_PH" NOT NULL ENABLE);
 
  ALTER TABLE "S1801288"."MEMBER" MODIFY ("MB_ADDR" NOT NULL ENABLE);
 
  ALTER TABLE "S1801288"."MEMBER" ADD PRIMARY KEY ("MB_ID")
  USING INDEX PCTFREE 10 INITRANS 2 MAXTRANS 255 COMPUTE STATISTICS 
  STORAGE(INITIAL 65536 NEXT 1048576 MINEXTENTS 1 MAXEXTENTS 2147483645
  PCTINCREASE 0 FREELISTS 1 FREELIST GROUPS 1 BUFFER_POOL DEFAULT FLASH_CACHE DEFAULT CELL_FLASH_CACHE DEFAULT)
  TABLESPACE "USERS"  ENABLE;
--------------------------------------------------------
--  Constraints for Table SIZE_O
--------------------------------------------------------

  ALTER TABLE "S1801288"."SIZE_O" MODIFY ("SIZE_CODE" NOT NULL ENABLE);
 
  ALTER TABLE "S1801288"."SIZE_O" ADD PRIMARY KEY ("SIZE_CODE")
  USING INDEX PCTFREE 10 INITRANS 2 MAXTRANS 255 COMPUTE STATISTICS 
  STORAGE(INITIAL 65536 NEXT 1048576 MINEXTENTS 1 MAXEXTENTS 2147483645
  PCTINCREASE 0 FREELISTS 1 FREELIST GROUPS 1 BUFFER_POOL DEFAULT FLASH_CACHE DEFAULT CELL_FLASH_CACHE DEFAULT)
  TABLESPACE "USERS"  ENABLE;
--------------------------------------------------------
--  Constraints for Table CATEGORY
--------------------------------------------------------

  ALTER TABLE "S1801288"."CATEGORY" MODIFY ("CATEGORY_CODE" NOT NULL ENABLE);
 
  ALTER TABLE "S1801288"."CATEGORY" ADD PRIMARY KEY ("CATEGORY_CODE")
  USING INDEX PCTFREE 10 INITRANS 2 MAXTRANS 255 COMPUTE STATISTICS 
  STORAGE(INITIAL 65536 NEXT 1048576 MINEXTENTS 1 MAXEXTENTS 2147483645
  PCTINCREASE 0 FREELISTS 1 FREELIST GROUPS 1 BUFFER_POOL DEFAULT FLASH_CACHE DEFAULT CELL_FLASH_CACHE DEFAULT)
  TABLESPACE "USERS"  ENABLE;
--------------------------------------------------------
--  Constraints for Table CART_LIST
--------------------------------------------------------

  ALTER TABLE "S1801288"."CART_LIST" MODIFY ("CART_LIST_NO" NOT NULL ENABLE);
 
  ALTER TABLE "S1801288"."CART_LIST" ADD PRIMARY KEY ("CART_LIST_NO")
  USING INDEX PCTFREE 10 INITRANS 2 MAXTRANS 255 COMPUTE STATISTICS 
  STORAGE(INITIAL 65536 NEXT 1048576 MINEXTENTS 1 MAXEXTENTS 2147483645
  PCTINCREASE 0 FREELISTS 1 FREELIST GROUPS 1 BUFFER_POOL DEFAULT FLASH_CACHE DEFAULT CELL_FLASH_CACHE DEFAULT)
  TABLESPACE "USERS"  ENABLE;
--------------------------------------------------------
--  Constraints for Table PRODUCT
--------------------------------------------------------

  ALTER TABLE "S1801288"."PRODUCT" MODIFY ("PRODUCT_ID" NOT NULL ENABLE);
 
  ALTER TABLE "S1801288"."PRODUCT" MODIFY ("PRODUCT_NAME" NOT NULL ENABLE);
 
  ALTER TABLE "S1801288"."PRODUCT" ADD PRIMARY KEY ("PRODUCT_ID")
  USING INDEX PCTFREE 10 INITRANS 2 MAXTRANS 255 COMPUTE STATISTICS 
  STORAGE(INITIAL 65536 NEXT 1048576 MINEXTENTS 1 MAXEXTENTS 2147483645
  PCTINCREASE 0 FREELISTS 1 FREELIST GROUPS 1 BUFFER_POOL DEFAULT FLASH_CACHE DEFAULT CELL_FLASH_CACHE DEFAULT)
  TABLESPACE "USERS"  ENABLE;
--------------------------------------------------------
--  Constraints for Table OPTION_DETAIL
--------------------------------------------------------

  ALTER TABLE "S1801288"."OPTION_DETAIL" MODIFY ("OPTION_DETAIL_SEQ" NOT NULL ENABLE);
 
  ALTER TABLE "S1801288"."OPTION_DETAIL" ADD PRIMARY KEY ("OPTION_DETAIL_SEQ")
  USING INDEX PCTFREE 10 INITRANS 2 MAXTRANS 255 COMPUTE STATISTICS 
  STORAGE(INITIAL 65536 NEXT 1048576 MINEXTENTS 1 MAXEXTENTS 2147483645
  PCTINCREASE 0 FREELISTS 1 FREELIST GROUPS 1 BUFFER_POOL DEFAULT FLASH_CACHE DEFAULT CELL_FLASH_CACHE DEFAULT)
  TABLESPACE "USERS"  ENABLE;
--------------------------------------------------------
--  Constraints for Table CC_QNA
--------------------------------------------------------

  ALTER TABLE "S1801288"."CC_QNA" MODIFY ("QNA_ID" NOT NULL ENABLE);
 
  ALTER TABLE "S1801288"."CC_QNA" MODIFY ("MB_ID" NOT NULL ENABLE);
 
  ALTER TABLE "S1801288"."CC_QNA" MODIFY ("MG_ID" NOT NULL ENABLE);
 
  ALTER TABLE "S1801288"."CC_QNA" MODIFY ("QNA_CONTENT" NOT NULL ENABLE);
 
  ALTER TABLE "S1801288"."CC_QNA" MODIFY ("GROUP_ID" NOT NULL ENABLE);
 
  ALTER TABLE "S1801288"."CC_QNA" MODIFY ("QORA" NOT NULL ENABLE);
 
  ALTER TABLE "S1801288"."CC_QNA" MODIFY ("REG_DATE" NOT NULL ENABLE);
 
  ALTER TABLE "S1801288"."CC_QNA" ADD PRIMARY KEY ("QNA_ID")
  USING INDEX PCTFREE 10 INITRANS 2 MAXTRANS 255 COMPUTE STATISTICS 
  STORAGE(INITIAL 65536 NEXT 1048576 MINEXTENTS 1 MAXEXTENTS 2147483645
  PCTINCREASE 0 FREELISTS 1 FREELIST GROUPS 1 BUFFER_POOL DEFAULT FLASH_CACHE DEFAULT CELL_FLASH_CACHE DEFAULT)
  TABLESPACE "USERS"  ENABLE;
--------------------------------------------------------
--  Constraints for Table COLOR_O
--------------------------------------------------------

  ALTER TABLE "S1801288"."COLOR_O" MODIFY ("COLOR_CODE" NOT NULL ENABLE);
 
  ALTER TABLE "S1801288"."COLOR_O" ADD PRIMARY KEY ("COLOR_CODE")
  USING INDEX PCTFREE 10 INITRANS 2 MAXTRANS 255 COMPUTE STATISTICS 
  STORAGE(INITIAL 65536 NEXT 1048576 MINEXTENTS 1 MAXEXTENTS 2147483645
  PCTINCREASE 0 FREELISTS 1 FREELIST GROUPS 1 BUFFER_POOL DEFAULT FLASH_CACHE DEFAULT CELL_FLASH_CACHE DEFAULT)
  TABLESPACE "USERS"  ENABLE;
--------------------------------------------------------
--  Constraints for Table MANAGER
--------------------------------------------------------

  ALTER TABLE "S1801288"."MANAGER" MODIFY ("MG_ID" NOT NULL ENABLE);
 
  ALTER TABLE "S1801288"."MANAGER" MODIFY ("MG_PW" NOT NULL ENABLE);
 
  ALTER TABLE "S1801288"."MANAGER" ADD PRIMARY KEY ("MG_ID")
  USING INDEX PCTFREE 10 INITRANS 2 MAXTRANS 255 COMPUTE STATISTICS 
  STORAGE(INITIAL 65536 NEXT 1048576 MINEXTENTS 1 MAXEXTENTS 2147483645
  PCTINCREASE 0 FREELISTS 1 FREELIST GROUPS 1 BUFFER_POOL DEFAULT FLASH_CACHE DEFAULT CELL_FLASH_CACHE DEFAULT)
  TABLESPACE "USERS"  ENABLE;
--------------------------------------------------------
--  Constraints for Table BRAND
--------------------------------------------------------

  ALTER TABLE "S1801288"."BRAND" MODIFY ("BRAND_CODE" NOT NULL ENABLE);
 
  ALTER TABLE "S1801288"."BRAND" ADD PRIMARY KEY ("BRAND_CODE")
  USING INDEX PCTFREE 10 INITRANS 2 MAXTRANS 255 COMPUTE STATISTICS 
  STORAGE(INITIAL 65536 NEXT 1048576 MINEXTENTS 1 MAXEXTENTS 2147483645
  PCTINCREASE 0 FREELISTS 1 FREELIST GROUPS 1 BUFFER_POOL DEFAULT FLASH_CACHE DEFAULT CELL_FLASH_CACHE DEFAULT)
  TABLESPACE "USERS"  ENABLE;
--------------------------------------------------------
--  Constraints for Table CART
--------------------------------------------------------

  ALTER TABLE "S1801288"."CART" MODIFY ("CART_ID" NOT NULL ENABLE);
 
  ALTER TABLE "S1801288"."CART" MODIFY ("MB_ID" NOT NULL ENABLE);
 
  ALTER TABLE "S1801288"."CART" ADD PRIMARY KEY ("CART_ID")
  USING INDEX PCTFREE 10 INITRANS 2 MAXTRANS 255 COMPUTE STATISTICS 
  STORAGE(INITIAL 65536 NEXT 1048576 MINEXTENTS 1 MAXEXTENTS 2147483645
  PCTINCREASE 0 FREELISTS 1 FREELIST GROUPS 1 BUFFER_POOL DEFAULT FLASH_CACHE DEFAULT CELL_FLASH_CACHE DEFAULT)
  TABLESPACE "USERS"  ENABLE;
--------------------------------------------------------
--  Ref Constraints for Table CART
--------------------------------------------------------

  ALTER TABLE "S1801288"."CART" ADD CONSTRAINT "FK_MEMBER_TO_CART" FOREIGN KEY ("MB_ID")
	  REFERENCES "S1801288"."MEMBER" ("MB_ID") ENABLE;
--------------------------------------------------------
--  Ref Constraints for Table CART_LIST
--------------------------------------------------------

  ALTER TABLE "S1801288"."CART_LIST" ADD CONSTRAINT "FK_CART_TO_ORDER_LIST" FOREIGN KEY ("CART_ID")
	  REFERENCES "S1801288"."CART" ("CART_ID") ENABLE;
 
  ALTER TABLE "S1801288"."CART_LIST" ADD CONSTRAINT "FK_OPTION_DETAIL_TO_CART_LIST" FOREIGN KEY ("OPTION_DETAIL_SEQ")
	  REFERENCES "S1801288"."OPTION_DETAIL" ("OPTION_DETAIL_SEQ") ENABLE;
--------------------------------------------------------
--  Ref Constraints for Table CC_QNA
--------------------------------------------------------

  ALTER TABLE "S1801288"."CC_QNA" ADD CONSTRAINT "FK_MANAGER_TO_CC_QNA" FOREIGN KEY ("MG_ID")
	  REFERENCES "S1801288"."MANAGER" ("MG_ID") ENABLE;
 
  ALTER TABLE "S1801288"."CC_QNA" ADD CONSTRAINT "FK_MEMBER_TO_CC_QNA" FOREIGN KEY ("MB_ID")
	  REFERENCES "S1801288"."MEMBER" ("MB_ID") ENABLE;
--------------------------------------------------------
--  Ref Constraints for Table OPTION_DETAIL
--------------------------------------------------------

  ALTER TABLE "S1801288"."OPTION_DETAIL" ADD CONSTRAINT "FK_PRODUCT_TO_OPTION_DETAIL" FOREIGN KEY ("PRODUCT_ID")
	  REFERENCES "S1801288"."PRODUCT" ("PRODUCT_ID") ENABLE;
 
  ALTER TABLE "S1801288"."OPTION_DETAIL" ADD CONSTRAINT "FK_SIZE_O_TO_OPTION_DETAIL" FOREIGN KEY ("SIZE_CODE")
	  REFERENCES "S1801288"."SIZE_O" ("SIZE_CODE") ENABLE;
--------------------------------------------------------
--  Ref Constraints for Table PRODUCT
--------------------------------------------------------

  ALTER TABLE "S1801288"."PRODUCT" ADD CONSTRAINT "FK_BRAND_TO_PRODUCT" FOREIGN KEY ("BRAND_CODE")
	  REFERENCES "S1801288"."BRAND" ("BRAND_CODE") ENABLE;
 
  ALTER TABLE "S1801288"."PRODUCT" ADD CONSTRAINT "FK_CATEGORY_TO_PRODUCT" FOREIGN KEY ("CATEGORY_CODE")
	  REFERENCES "S1801288"."CATEGORY" ("CATEGORY_CODE") ENABLE;
 
  ALTER TABLE "S1801288"."PRODUCT" ADD CONSTRAINT "FK_COLOR_O_TO_PRODUCT" FOREIGN KEY ("COLOR_CODE")
	  REFERENCES "S1801288"."COLOR_O" ("COLOR_CODE") ENABLE;
 
  ALTER TABLE "S1801288"."PRODUCT" ADD CONSTRAINT "FK_IMAGE_TO_PRODUCT" FOREIGN KEY ("IMG1")
	  REFERENCES "S1801288"."IMAGE" ("IMG1") ENABLE;
